,QMC 128,QMC 128,DLQMC,DLQMC,DLbQMC,DLbQMC,Least squares,Least squares
,mean,var,mean,var,mean,var,mean,var
Lift,1.0,1.0,1.2922644904933347,2.9700246894782336,0.024516251652456637,0.0009930252866436624,3.630564975117658,1.2690041702549897
Drag,1.0,1.0,2.4274446087618737,2.8287927648236515,0.014564734320565436,0.01022448939515492,25.00904506475582,0.14287602489259812
