,DLQMC,Least squares,QMC 128
Lift,1.4653391340071884,0.7985241288204734,1.0
Drag,1.3337714047583085,0.12130703102237402,1.0
