DLQMC,Least squares,QMC 128
1.3337714047583085,0.12130703102237402,1.0
