DLQMC,Least squares,QMC 128
1.4653391340071884,0.7985241288204734,1.0
