DLQMC,Least squares,QMC 128
1.0403662388854158,0.7985241288204734,1.0
