Functional,DLbQMC Speedup
Lift,115.6556519606661
Drag,44.07458760699248
