Functional,DLbQMC Speedup
Lift,153.25247004226833
Drag,540.5269774562377
