DLQMC,Least squares,QMC 128
2.1003213804833942,0.12130703102237402,1.0
