,DLQMC,Least squares,QMC 128
Lift,1.0403662388854158,0.7985241288204734,1.0
Drag,0.8360929979839544,0.12130703102237402,1.0
