,QMC,QMC,DLQMC,DLQMC,Least squares,Least squares,DLbQMC,DLbQMC,QMC 128,QMC 128
,mean,var,mean,var,mean,var,mean,var,mean,var
Lift,0.770772982620353,0.031336406794915006,0.77125439453125,0.03086661008810998,0.7715192201387082,0.031058959255948815,0.7712452872596001,0.044712295843804206,0.7680637188230938,0.031688488878890086
Drag,0.023566066312966507,0.0007008939852136338,0.02390418243408203,0.0007113778619933292,0.023581795855878242,0.0005508389629893142,0.023898829419400164,0.0012344347380390352,0.023172685465438905,0.0006794547201230526
