DLQMC,Least squares,QMC 128
1.2371329089228593,0.7985241288204734,1.0
