Functional,Deep learning,Least squares
Lift,0.06283077365027992,6.83833454748714e-07
Drag,0.0013937778468448001,1.311941808564143e-07
