DLQMC,Least squares,QMC 128
0.027250665975132763,0.34840362755696497,1.0
