DLQMC,Least squares,QMC 128
0.14242306215824352,0.15112076791194484,1.0
