QMC_128,QMC_128,DLQMC,DLQMC,DLbQMC,DLbQMC,Least squares,Least squares
mean,var,mean,var,mean,var,mean,var
1.0,1.0,0.42516101541732965,0.8349333247133895,0.3255439125947029,0.6128799701291338,0.64070418501184,0.17727271153013652
