DLQMC,Least squares,QMC 128
0.29410012889507053,0.15112076791194484,1.0
