DLQMC,Least squares,QMC 128
0.4421618437879729,0.29500910142800596,1.0
